-- MySQL dump 10.13  Distrib 5.6.16, for Win32 (x86)
--
-- Host: localhost    Database: waposatDB
-- ------------------------------------------------------
-- Server version	5.6.16

/*!40101 SET @OLD_CHARACTER_SET_CLIENT=@@CHARACTER_SET_CLIENT */;
/*!40101 SET @OLD_CHARACTER_SET_RESULTS=@@CHARACTER_SET_RESULTS */;
/*!40101 SET @OLD_COLLATION_CONNECTION=@@COLLATION_CONNECTION */;
/*!40101 SET NAMES utf8 */;
/*!40103 SET @OLD_TIME_ZONE=@@TIME_ZONE */;
/*!40103 SET TIME_ZONE='+00:00' */;
/*!40014 SET @OLD_UNIQUE_CHECKS=@@UNIQUE_CHECKS, UNIQUE_CHECKS=0 */;
/*!40014 SET @OLD_FOREIGN_KEY_CHECKS=@@FOREIGN_KEY_CHECKS, FOREIGN_KEY_CHECKS=0 */;
/*!40101 SET @OLD_SQL_MODE=@@SQL_MODE, SQL_MODE='NO_AUTO_VALUE_ON_ZERO' */;
/*!40111 SET @OLD_SQL_NOTES=@@SQL_NOTES, SQL_NOTES=0 */;

--
-- Table structure for table `cargadatos_cadenafuente`
--

DROP TABLE IF EXISTS `cargadatos_cadenafuente`;
/*!40101 SET @saved_cs_client     = @@character_set_client */;
/*!40101 SET character_set_client = utf8 */;
CREATE TABLE `cargadatos_cadenafuente` (
  `IdCadenaFuente` int(11) NOT NULL AUTO_INCREMENT,
  `CadenaFuente` varchar(410) DEFAULT NULL,
  `TieneError` bit(1) DEFAULT b'0',
  `FechaCreacion` TIMESTAMP NOT NULL DEFAULT CURRENT_TIMESTAMP,
  `IPCreacion` varchar(100) DEFAULT NULL,
  PRIMARY KEY (`IdCadenaFuente`)
) ENGINE=InnoDB AUTO_INCREMENT=16 DEFAULT CHARSET=utf8;
/*!40101 SET character_set_client = @saved_cs_client */;

--
-- Dumping data for table `cargadatos_cadenafuente`
--

LOCK TABLES `cargadatos_cadenafuente` WRITE;
/*!40000 ALTER TABLE `cargadatos_cadenafuente` DISABLE KEYS */;
INSERT INTO `cargadatos_cadenafuente` VALUES (1,'010101010101010101010101010101010101010101010101010101010101010101010101010101010101010101010101010101010101010101010101010101010101010101100101010010101010101010101010101010101010101010101010101010101010101010101010101010101010101010101010101010101010101010101010101010101010101010101100101010','\0','2014-10-25 01:20:51',NULL),(2,'0000010001111010100010111001010101111110100000111111010111111010101011110011001100110011111111000011111000001111111011110101000101110010101011111101000001111110101111110101010111100110011001100111111110000111110000011001010101010100110101111101011111111100000111100000001','\0','2014-10-26 23:59:37',NULL),(3,'00000000000000000000000000000000000000000000000000000000000000000000000000000000000000000000000000000000000000000000000000000000000000000000000000000000000000000000000000000000000000000000000000000000000000000000000000000000000000000000000000000000000000000000000000','\0','2014-10-27 00:19:29',NULL),(4,'000000010000000000000000000000100000000000000000000000000000001100000010000000000000000000000000000001111000000110000000000000000000000000000011110000010000000000000000000000000000001111100000101000000000000000000000000000010111','\0','2014-10-27 23:01:51',NULL),(5,'00000000000000010000000000000000000000100000000000000000000000000000001100000010000000000000000000000000000001111000000110000000000000000000000000000011110000010000000000000000000000000000001111100000101000000000000000000000000000010111','\0','2014-10-27 23:14:21',NULL),(6,'000000000000000100000000000000000000000100000000000000000000000000000011000000000000000100000000000000000000000000000011000000000000000100000000000000000000000000000011000000000000000100000000000000000000000000000011000000000000000100000000000000000000000000000011000000000000000100000000000000000000000000000011','\0','2014-10-27 23:17:32',NULL),(7,'000000000000000100000000000000000000000100000000000000000000000000000011000000000000000100000000000000000000000000000011000000000000000100000000000000000000000000000011000000000000000100000000000000000000000000001110000000000000001000000000000000000000000000000111000000000000001100000000000000000000000000000111','\0','2014-10-27 23:38:51',NULL),(8,'000000000000000100000000000000000000001100000000000000000000000000000011000000000000001000000000000000000000000000000011000000000000000100000000000000000000000000000011000000000000010100000000000000000000000000001110000000000000001000000000000000000000000000000111000000000000001100000000000000000000000000000111','\0','2014-10-27 23:40:10',NULL),(9,'000000000000000100000000000000000000001100000000000000000000000000000011000000000000001000000000000000000000000000000011000000000000000100000000000000000000000000000011000000000000010100000000000000000000000000001110000000000000001000000000000000000000000000000111000000000000001100000000000000000000000000000111','\0','2014-10-31 00:34:35',NULL),(10,'000000000000000100000000000000000000001100000000000000000000000000000011000000000000001000000000000000000000000000000011000000000000000100000000000000000000000000000011000000000000010100000000000000000000000000001110000000000000001000000000000000000000000000000111000000000000001100000000000000000000000000000111','\0','2014-10-31 00:55:29',NULL),(11,'000000000000000100000000000000000000001100000000000000000000000000000011000000000000001000000000000000000000000000000011000000000000000100000000000000000000000000000011000000000000010100000000000000000000000000001110000000000000001000000000000000000000000000000111000000000000001100000000000000000000000000000111','\0','2014-10-31 00:57:13',NULL),(12,'000000000000000100000000000000000000001100000000000000000000000000000011000000000000001000000000000000000000000000000011000000000000000100000000000000000000000000000011000000000000010100000000000000000000000000001110000000000000001000000000000000000000000000000111000000000000001100000000000000000000000000000111','\0','2014-10-31 00:57:34',NULL),(13,'000000000000000100000000000000000000001100000000000000000000000000000011000000000000001000000000000000000000000000000011000000000000000100000000000000000000000000000011000000000000010100000000000000000000000000001110000000000000001000000000000000000000000000000111000000000000001100000000000000000000000000000111','\0','2014-10-31 01:09:25',NULL),(14,'000000000000000100000000000000000000001100000000000000000000000000000011000000000000001000000000000000000000000000000011000000000000000100000000000000000000000000000011000000000000010100000000000000000000000000001110000000000000001000000000000000000000000000000111000000000000001100000000000000000000000000000111','\0','2014-10-31 20:53:54',NULL),(15,'000000000000000100000000000000000000001100000000000000000000000000000011000000000000001000000000000000000000000000000011000000000000000100000000000000000000000000000011000000000000010100000000000000000000000000001110000000000000001000000000000000000000000000000111000000000000001100000000000000000000000000000111','\0','2014-10-31 21:37:17',NULL);
/*!40000 ALTER TABLE `cargadatos_cadenafuente` ENABLE KEYS */;
UNLOCK TABLES;

--
-- Table structure for table `cargadatos_medicion`
--

DROP TABLE IF EXISTS `cargadatos_medicion`;
/*!40101 SET @saved_cs_client     = @@character_set_client */;
/*!40101 SET character_set_client = utf8 */;
CREATE TABLE `cargadatos_medicion` (
  `CodigoEquipo` int(11) DEFAULT NULL,
  `CodigoSensor` int(11) DEFAULT NULL,
  `ValorSensor` decimal(18,6) DEFAULT NULL,
  `IdMedicion` int(11) DEFAULT NULL,
  `IdEquipo` int(11) DEFAULT NULL,
  `IdDireccionGeografica` int(11) DEFAULT NULL,
  `IdRecursoHidrico` int(11) DEFAULT NULL,
  `IdCliente` int(11) DEFAULT NULL,
  `FechaMedicion` datetime DEFAULT NULL,
  `IdComponente` int(11) DEFAULT NULL,
  `IdParametro` int(11) DEFAULT NULL,
  `IdUnidadMedida` int(11) DEFAULT NULL,
  `Valor_Medicion` decimal(18,6) DEFAULT NULL,
  `Exponente_Medicion` varchar(45) DEFAULT NULL,
  `TieneError` bit(1) DEFAULT b'0',
  `FechaCreacion` datetime DEFAULT NULL,
  `IdCadenaFuente` int(11) DEFAULT NULL
) ENGINE=InnoDB DEFAULT CHARSET=utf8;
/*!40101 SET character_set_client = @saved_cs_client */;

--
-- Dumping data for table `cargadatos_medicion`
--

LOCK TABLES `cargadatos_medicion` WRITE;
/*!40000 ALTER TABLE `cargadatos_medicion` DISABLE KEYS */;
INSERT INTO `cargadatos_medicion` VALUES (NULL,NULL,999999999999.999999,NULL,NULL,NULL,NULL,NULL,NULL,NULL,NULL,NULL,NULL,NULL,'\0',NULL,NULL),(21845,2147483647,999999999999.999999,NULL,NULL,NULL,NULL,NULL,NULL,NULL,NULL,NULL,NULL,NULL,'\0',NULL,NULL),(21845,2147483647,999999999999.999999,NULL,NULL,NULL,NULL,NULL,NULL,NULL,NULL,NULL,NULL,NULL,'\0',NULL,NULL),(21845,2147483647,999999999999.999999,NULL,NULL,NULL,NULL,NULL,NULL,NULL,NULL,NULL,NULL,NULL,'\0',NULL,NULL),(21845,2147483647,999999999999.999999,NULL,NULL,NULL,NULL,NULL,NULL,NULL,NULL,NULL,NULL,NULL,'\0',NULL,NULL),(21845,2147483647,999999999999.999999,NULL,NULL,NULL,NULL,NULL,NULL,NULL,NULL,NULL,NULL,NULL,'\0',NULL,NULL),(21845,2147483647,999999999999.999999,NULL,NULL,NULL,NULL,NULL,NULL,NULL,NULL,NULL,NULL,NULL,'\0',NULL,NULL),(21845,2147483647,999999999999.999999,NULL,NULL,NULL,NULL,NULL,NULL,NULL,NULL,NULL,NULL,NULL,'\0',NULL,NULL),(21845,2147483647,999999999999.999999,NULL,NULL,NULL,NULL,NULL,NULL,NULL,NULL,NULL,NULL,NULL,'\0',NULL,NULL),(21845,2147483647,999999999999.999999,NULL,NULL,NULL,NULL,NULL,NULL,NULL,NULL,NULL,NULL,NULL,'\0',NULL,NULL),(1146,2147483647,999999999999.999999,NULL,NULL,NULL,NULL,NULL,NULL,NULL,NULL,NULL,NULL,NULL,'\0',NULL,NULL),(1146,2147483647,999999999999.999999,NULL,NULL,NULL,NULL,NULL,NULL,NULL,NULL,NULL,NULL,NULL,'\0',NULL,NULL),(1146,2147483647,999999999999.999999,NULL,NULL,NULL,NULL,NULL,NULL,NULL,NULL,NULL,NULL,NULL,'\0',NULL,NULL),(1146,2147483647,999999999999.999999,NULL,NULL,NULL,NULL,NULL,NULL,NULL,NULL,NULL,NULL,NULL,'\0',NULL,NULL),(1146,2147483647,999999999999.999999,NULL,NULL,NULL,NULL,NULL,NULL,NULL,NULL,NULL,NULL,NULL,'\0',NULL,2),(1146,2147483647,999999999999.999999,NULL,NULL,NULL,NULL,NULL,NULL,NULL,NULL,NULL,NULL,NULL,'\0',NULL,2),(1146,2147483647,999999999999.999999,NULL,NULL,NULL,NULL,NULL,NULL,NULL,NULL,NULL,NULL,NULL,'\0',NULL,2),(1146,2147483647,999999999999.999999,NULL,NULL,NULL,NULL,NULL,NULL,NULL,NULL,NULL,NULL,NULL,'\0',NULL,2),(0,0,0.000000,NULL,NULL,NULL,NULL,NULL,'2014-10-27 00:19:29',NULL,NULL,NULL,NULL,NULL,'\0',NULL,3),(0,0,0.000000,NULL,NULL,NULL,NULL,NULL,NULL,NULL,NULL,NULL,NULL,NULL,'\0',NULL,3),(0,0,0.000000,NULL,NULL,NULL,NULL,NULL,NULL,NULL,NULL,NULL,NULL,NULL,'\0',NULL,3),(0,0,0.000000,NULL,NULL,NULL,NULL,NULL,NULL,NULL,NULL,NULL,NULL,NULL,'\0',NULL,3),(1146,2147483647,999999999999.999999,NULL,NULL,NULL,NULL,NULL,'2014-10-26 23:59:37',NULL,NULL,NULL,NULL,NULL,'\0',NULL,2),(1146,2147483647,999999999999.999999,NULL,NULL,NULL,NULL,NULL,NULL,NULL,NULL,NULL,NULL,NULL,'\0',NULL,2),(1146,2147483647,999999999999.999999,NULL,NULL,NULL,NULL,NULL,NULL,NULL,NULL,NULL,NULL,NULL,'\0',NULL,2),(1146,2147483647,999999999999.999999,NULL,NULL,NULL,NULL,NULL,NULL,NULL,NULL,NULL,NULL,NULL,'\0',NULL,2),(1146,2147483647,999999999999.999999,NULL,NULL,NULL,NULL,NULL,'2014-10-26 23:59:37',NULL,NULL,NULL,NULL,NULL,'\0',NULL,2),(1146,2147483647,999999999999.999999,NULL,NULL,NULL,NULL,NULL,NULL,NULL,NULL,NULL,NULL,NULL,'\0',NULL,2),(1146,2147483647,999999999999.999999,NULL,NULL,NULL,NULL,NULL,NULL,NULL,NULL,NULL,NULL,NULL,'\0',NULL,2),(1146,2147483647,999999999999.999999,NULL,NULL,NULL,NULL,NULL,NULL,NULL,NULL,NULL,NULL,NULL,'\0',NULL,2),(0,0,0.000000,NULL,NULL,NULL,NULL,NULL,'2014-10-27 00:19:29',NULL,NULL,NULL,NULL,NULL,'\0',NULL,3),(0,0,0.000000,NULL,NULL,NULL,NULL,NULL,NULL,NULL,NULL,NULL,NULL,NULL,'\0',NULL,3),(0,0,0.000000,NULL,NULL,NULL,NULL,NULL,NULL,NULL,NULL,NULL,NULL,NULL,'\0',NULL,3),(0,0,0.000000,NULL,NULL,NULL,NULL,NULL,NULL,NULL,NULL,NULL,NULL,NULL,'\0',NULL,3),(256,2147483647,999999999999.999999,NULL,NULL,NULL,NULL,NULL,'2014-10-27 23:01:51',NULL,NULL,NULL,NULL,NULL,'\0',NULL,4),(256,2147483647,999999999999.999999,NULL,NULL,NULL,NULL,NULL,NULL,NULL,NULL,NULL,NULL,NULL,'\0',NULL,4),(256,2147483647,999999999999.999999,NULL,NULL,NULL,NULL,NULL,NULL,NULL,NULL,NULL,NULL,NULL,'\0',NULL,4),(256,2147483647,999999999999.999999,NULL,NULL,NULL,NULL,NULL,NULL,NULL,NULL,NULL,NULL,NULL,'\0',NULL,4),(1,1,999999999999.999999,NULL,NULL,NULL,NULL,NULL,'2014-10-27 23:17:32',NULL,NULL,NULL,NULL,NULL,'\0',NULL,6),(1,1,999999999999.999999,NULL,NULL,NULL,NULL,NULL,NULL,NULL,NULL,NULL,NULL,NULL,'\0',NULL,6),(1,1,999999999999.999999,NULL,NULL,NULL,NULL,NULL,NULL,NULL,NULL,NULL,NULL,NULL,'\0',NULL,6),(1,1,999999999999.999999,NULL,NULL,NULL,NULL,NULL,NULL,NULL,NULL,NULL,NULL,NULL,'\0',NULL,6),(1,1,3.000000,NULL,NULL,NULL,NULL,NULL,'2014-10-27 23:17:32',NULL,NULL,NULL,NULL,NULL,'\0',NULL,6),(1,1,3.000000,NULL,NULL,NULL,NULL,NULL,NULL,NULL,NULL,NULL,NULL,NULL,'\0',NULL,6),(1,1,3.000000,NULL,NULL,NULL,NULL,NULL,NULL,NULL,NULL,NULL,NULL,NULL,'\0',NULL,6),(1,1,3.000000,NULL,NULL,NULL,NULL,NULL,NULL,NULL,NULL,NULL,NULL,NULL,'\0',NULL,6),(1,1,3.000000,NULL,NULL,NULL,NULL,NULL,'2014-10-27 23:38:51',NULL,NULL,NULL,NULL,NULL,'\0',NULL,7),(1,1,3.000000,NULL,NULL,NULL,NULL,NULL,NULL,NULL,NULL,NULL,NULL,NULL,'\0',NULL,7),(1,1,3.000000,NULL,NULL,NULL,NULL,NULL,NULL,NULL,NULL,NULL,NULL,NULL,'\0',NULL,7),(1,1,14.000000,NULL,NULL,NULL,NULL,NULL,NULL,NULL,NULL,NULL,NULL,NULL,'\0',NULL,7),(1,3,3.000000,NULL,1,NULL,NULL,NULL,'2014-10-27 23:40:10',3,NULL,NULL,NULL,NULL,'\0',NULL,8),(1,2,3.000000,NULL,1,NULL,NULL,NULL,NULL,2,NULL,NULL,NULL,NULL,'\0',NULL,8),(1,1,3.000000,NULL,1,NULL,NULL,NULL,NULL,1,NULL,NULL,NULL,NULL,'\0',NULL,8),(1,5,14.000000,NULL,1,NULL,NULL,NULL,NULL,NULL,NULL,NULL,NULL,NULL,'\0',NULL,8),(1,3,3.000000,NULL,1,NULL,NULL,NULL,'2014-10-31 00:34:35',3,NULL,NULL,NULL,NULL,'\0',NULL,9),(1,2,3.000000,NULL,1,NULL,NULL,NULL,NULL,2,NULL,NULL,NULL,NULL,'\0',NULL,9),(1,1,3.000000,NULL,1,NULL,NULL,NULL,NULL,1,NULL,NULL,NULL,NULL,'\0',NULL,9),(1,5,14.000000,NULL,1,NULL,NULL,NULL,NULL,NULL,NULL,NULL,NULL,NULL,'\0',NULL,9),(1,3,3.000000,NULL,1,NULL,NULL,NULL,'2014-10-31 00:55:29',3,NULL,NULL,NULL,NULL,'\0',NULL,10),(1,2,3.000000,NULL,1,NULL,NULL,NULL,NULL,2,NULL,NULL,NULL,NULL,'\0',NULL,10),(1,1,3.000000,NULL,1,NULL,NULL,NULL,NULL,1,NULL,NULL,NULL,NULL,'\0',NULL,10),(1,5,14.000000,NULL,1,NULL,NULL,NULL,NULL,NULL,NULL,NULL,NULL,NULL,'\0',NULL,10),(1,3,3.000000,NULL,1,NULL,NULL,NULL,'2014-10-31 00:57:13',3,NULL,NULL,NULL,NULL,'\0',NULL,11),(1,2,3.000000,NULL,1,NULL,NULL,NULL,NULL,2,NULL,NULL,NULL,NULL,'\0',NULL,11),(1,1,3.000000,NULL,1,NULL,NULL,NULL,NULL,1,NULL,NULL,NULL,NULL,'\0',NULL,11),(1,5,14.000000,NULL,1,NULL,NULL,NULL,NULL,NULL,NULL,NULL,NULL,NULL,'\0',NULL,11),(1,3,3.000000,NULL,1,NULL,NULL,NULL,'2014-10-31 00:57:34',3,NULL,NULL,NULL,NULL,'\0',NULL,12),(1,2,3.000000,NULL,1,NULL,NULL,NULL,NULL,2,NULL,NULL,NULL,NULL,'\0',NULL,12),(1,1,3.000000,NULL,1,NULL,NULL,NULL,NULL,1,NULL,NULL,NULL,NULL,'\0',NULL,12),(1,5,14.000000,NULL,1,NULL,NULL,NULL,NULL,NULL,NULL,NULL,NULL,NULL,'\0',NULL,12),(1,3,3.000000,NULL,1,NULL,NULL,NULL,'2014-10-31 01:09:25',3,NULL,NULL,NULL,NULL,'\0',NULL,13),(1,2,3.000000,NULL,1,NULL,NULL,NULL,'2014-10-31 01:09:25',2,NULL,NULL,NULL,NULL,'\0',NULL,13),(1,1,3.000000,NULL,1,NULL,NULL,NULL,'2014-10-31 01:09:25',1,NULL,NULL,NULL,NULL,'\0',NULL,13),(1,5,14.000000,NULL,1,NULL,NULL,NULL,'2014-10-31 01:09:25',NULL,NULL,NULL,NULL,NULL,'\0',NULL,13),(1,3,3.000000,NULL,1,NULL,NULL,NULL,'2014-10-31 20:53:54',3,NULL,NULL,NULL,NULL,'\0',NULL,14),(1,2,3.000000,NULL,1,NULL,NULL,NULL,'2014-10-31 20:53:54',2,NULL,NULL,NULL,NULL,'\0',NULL,14),(1,1,3.000000,NULL,1,NULL,NULL,NULL,'2014-10-31 20:53:54',1,NULL,NULL,NULL,NULL,'\0',NULL,14),(1,5,14.000000,NULL,1,NULL,NULL,NULL,'2014-10-31 20:53:54',NULL,NULL,NULL,NULL,NULL,'\0',NULL,14),(1,3,3.000000,NULL,1,NULL,NULL,NULL,'2014-10-31 21:37:17',3,NULL,NULL,NULL,NULL,'\0',NULL,15),(1,2,3.000000,NULL,1,NULL,NULL,NULL,'2014-10-31 21:37:17',2,NULL,NULL,NULL,NULL,'\0',NULL,15),(1,1,3.000000,NULL,1,NULL,NULL,NULL,'2014-10-31 21:37:17',1,NULL,NULL,NULL,NULL,'\0',NULL,15),(1,5,14.000000,NULL,1,NULL,NULL,NULL,'2014-10-31 21:37:17',NULL,NULL,NULL,NULL,NULL,'\0',NULL,15);
/*!40000 ALTER TABLE `cargadatos_medicion` ENABLE KEYS */;
UNLOCK TABLES;

--
-- Table structure for table `componente`
--

DROP TABLE IF EXISTS `componente`;
/*!40101 SET @saved_cs_client     = @@character_set_client */;
/*!40101 SET character_set_client = utf8 */;
CREATE TABLE `componente` (
  `IdComponente` int(11) NOT NULL,
  `IdTipoComponente` int(11) DEFAULT NULL,
  `Codigo_Componente` char(20) DEFAULT NULL,
  `Descripcion_Componente` varchar(50) DEFAULT NULL,
  `Activo` bit(1) DEFAULT NULL,
  PRIMARY KEY (`IdComponente`),
  UNIQUE KEY `Codigo_Componente_UNIQUE` (`Codigo_Componente`)
) ENGINE=InnoDB DEFAULT CHARSET=utf8;
/*!40101 SET character_set_client = @saved_cs_client */;

--
-- Dumping data for table `componente`
--

LOCK TABLES `componente` WRITE;
/*!40000 ALTER TABLE `componente` DISABLE KEYS */;
INSERT INTO `componente` VALUES (1,0,'1','comp1',''),(2,NULL,'2','comp2',''),(3,NULL,'3','comp3','\0');
/*!40000 ALTER TABLE `componente` ENABLE KEYS */;
UNLOCK TABLES;

--
-- Table structure for table `equipo`
--

DROP TABLE IF EXISTS `equipo`;
/*!40101 SET @saved_cs_client     = @@character_set_client */;
/*!40101 SET character_set_client = utf8 */;
CREATE TABLE `equipo` (
  `IdEquipo` int(11) NOT NULL AUTO_INCREMENT,
  `IdTipoEquipo` int(11) DEFAULT NULL,
  `Codigo_Equipo` varchar(15) DEFAULT NULL,
  `MAC_Equipo` varchar(100) DEFAULT NULL,
  `Descripcion_Equipo` varchar(50) DEFAULT NULL,
  `Activo` bit(1) DEFAULT NULL,
  PRIMARY KEY (`IdEquipo`)
) ENGINE=InnoDB AUTO_INCREMENT=2 DEFAULT CHARSET=utf8 COMMENT='Maestro de equipos WAPOSAT';
/*!40101 SET character_set_client = @saved_cs_client */;

--
-- Dumping data for table `equipo`
--

LOCK TABLES `equipo` WRITE;
/*!40000 ALTER TABLE `equipo` DISABLE KEYS */;
INSERT INTO `equipo` VALUES (1,NULL,'1',NULL,'Equipo1','');
/*!40000 ALTER TABLE `equipo` ENABLE KEYS */;
UNLOCK TABLES;

--
-- Table structure for table `medicion`
--

DROP TABLE IF EXISTS `medicion`;
/*!40101 SET @saved_cs_client     = @@character_set_client */;
/*!40101 SET character_set_client = utf8 */;
CREATE TABLE `medicion` (
  `IdMedicion` int(11) NOT NULL AUTO_INCREMENT,
  `IdEquipo` int(11) DEFAULT NULL,
  `IdDireccionGeografica` int(11) DEFAULT NULL,
  `IdRecursoHidrico` int(11) DEFAULT NULL,
  `IdCliente` int(11) DEFAULT NULL,
  `FechaMedicion` date DEFAULT NULL,
  `TiempoMedicion` time DEFAULT NULL,
  `FechaRecepcion_Medicion` datetime DEFAULT NULL,
  `Activo` bit(1) DEFAULT b'1',
  `FechaCreacion` date DEFAULT NULL,
  `UsuarioCreacion` varchar(100) DEFAULT NULL,
  PRIMARY KEY (`IdMedicion`),
  KEY `FK_Equipo_Medicion_idx` (`IdEquipo`),
  CONSTRAINT `FK_Equipo_Medicion` FOREIGN KEY (`IdEquipo`) REFERENCES `equipo` (`IdEquipo`) ON DELETE NO ACTION ON UPDATE NO ACTION
) ENGINE=InnoDB AUTO_INCREMENT=4 DEFAULT CHARSET=utf8;
/*!40101 SET character_set_client = @saved_cs_client */;

--
-- Dumping data for table `medicion`
--

LOCK TABLES `medicion` WRITE;
/*!40000 ALTER TABLE `medicion` DISABLE KEYS */;
INSERT INTO `medicion` VALUES (1,1,NULL,NULL,NULL,'2014-10-31','01:09:25','2014-10-31 01:09:25','',NULL,NULL),(2,1,NULL,NULL,NULL,'2014-10-31','20:53:54','2014-10-31 20:53:54','',NULL,NULL),(3,1,NULL,NULL,NULL,'2014-10-31','21:37:17','2014-10-31 21:37:17','',NULL,NULL);
/*!40000 ALTER TABLE `medicion` ENABLE KEYS */;
UNLOCK TABLES;

--
-- Table structure for table `prueba`
--

DROP TABLE IF EXISTS `prueba`;
/*!40101 SET @saved_cs_client     = @@character_set_client */;
/*!40101 SET character_set_client = utf8 */;
CREATE TABLE `prueba` (
  `IdPrueba` int(11) NOT NULL AUTO_INCREMENT,
  `descripcion` varchar(100) DEFAULT NULL,
  `f_date` date DEFAULT NULL,
  `f_datetime` datetime DEFAULT NULL,
  `f_time` time DEFAULT NULL,
  PRIMARY KEY (`IdPrueba`)
) ENGINE=InnoDB AUTO_INCREMENT=1025 DEFAULT CHARSET=utf8;
/*!40101 SET character_set_client = @saved_cs_client */;

--
-- Dumping data for table `prueba`
--

LOCK TABLES `prueba` WRITE;
/*!40000 ALTER TABLE `prueba` DISABLE KEYS */;
INSERT INTO `prueba` VALUES (1000,'joder22',NULL,NULL,NULL),(1001,'joder21',NULL,NULL,NULL),(1002,'joder20',NULL,NULL,NULL),(1003,'joder19',NULL,NULL,NULL),(1004,'joder18',NULL,NULL,NULL),(1005,'joder17',NULL,NULL,NULL),(1006,'joder16',NULL,NULL,NULL),(1007,'joder15',NULL,NULL,NULL),(1008,'joder14',NULL,NULL,NULL),(1009,'joder13',NULL,NULL,NULL),(1010,'joder12',NULL,NULL,NULL),(1011,'joder11',NULL,NULL,NULL),(1012,'joder10',NULL,NULL,NULL),(1013,'joder9',NULL,NULL,NULL),(1014,'joder8',NULL,NULL,NULL),(1015,'joder7',NULL,NULL,NULL),(1016,'joder6',NULL,NULL,NULL),(1017,'joder5',NULL,NULL,NULL),(1018,'joder4',NULL,NULL,NULL),(1019,'joder3',NULL,NULL,NULL),(1020,'joder2',NULL,NULL,NULL),(1021,'joder1',NULL,NULL,NULL),(1022,NULL,'2014-10-30','2014-10-30 01:36:20','01:36:20'),(1023,NULL,'2014-10-31','2014-10-31 00:19:16','00:19:16'),(1024,NULL,'2014-10-31','2014-10-31 00:20:24','00:20:24');
/*!40000 ALTER TABLE `prueba` ENABLE KEYS */;
UNLOCK TABLES;
/*!40103 SET TIME_ZONE=@OLD_TIME_ZONE */;

/*!40101 SET SQL_MODE=@OLD_SQL_MODE */;
/*!40014 SET FOREIGN_KEY_CHECKS=@OLD_FOREIGN_KEY_CHECKS */;
/*!40014 SET UNIQUE_CHECKS=@OLD_UNIQUE_CHECKS */;
/*!40101 SET CHARACTER_SET_CLIENT=@OLD_CHARACTER_SET_CLIENT */;
/*!40101 SET CHARACTER_SET_RESULTS=@OLD_CHARACTER_SET_RESULTS */;
/*!40101 SET COLLATION_CONNECTION=@OLD_COLLATION_CONNECTION */;
/*!40111 SET SQL_NOTES=@OLD_SQL_NOTES */;

-- Dump completed on 2014-10-31 21:53:29
